{
  "Linear": {
    "train_losses": [
      1.3849481750488282,
      0.6704628494262695,
      0.661475942993164,
      0.6493391662597656,
      0.6463324096679688,
      0.6395524459838867,
      0.6356593505859375,
      0.6334358871459961,
      0.6347202178955078,
      0.6268114807128906
    ],
    "val_losses": [
      0.672935479711816,
      0.6555069276127949,
      0.6555365504988705,
      0.6499601494356332,
      0.6463543811476374,
      0.6508200894397904,
      0.6496564872772339,
      0.6562886035107226,
      0.6536867869426927,
      0.6533373024568979
    ]
  },
  "CNN": {
    "train_losses": [
      0.6386382339477539,
      0.5389847732543945,
      0.4888441795349121,
      0.4554946464538574,
      0.4318151336669922,
      0.42818615951538086,
      0.41153873291015625,
      0.3838917106628418,
      0.369925447845459,
      0.36001462631225584
    ],
    "val_losses": [
      0.5937390890466161,
      0.5865559666032293,
      0.49047867954974195,
      0.5689261455612489,
      0.5195153508320391,
      0.4180384976796836,
      0.39468148166396055,
      0.37475286889746484,
      0.48584094066696476,
      0.3946119530612685
    ]
  },
  "ResNet50": {
    "train_losses": [
      0.29219549026489255,
      0.16783769378662108,
      0.15210512008666993,
      0.1427685676574707,
      0.13713290061950684,
      0.13320979557037355,
      0.1317391134262085,
      0.12669935836791993,
      0.12368070278167724,
      0.1224295997619629
    ],
    "val_losses": [
      0.17071980089547645,
      0.14889600554623278,
      0.13958923462404305,
      0.1342634821512613,
      0.1290984766550332,
      0.1268429966815504,
      0.12600263189599217,
      0.12627506102902822,
      0.12314990936034176,
      0.11829789556173914
    ]
  },
  "VGG19": {
    "train_losses": [
      0.13187195825576783,
      0.07692489290237427,
      0.07286297492980957,
      0.06803012189865112,
      0.06488203554153442,
      0.06533609871864318,
      0.0624091628074646,
      0.0653556149482727,
      0.06257976303100586,
      0.06263396239280701
    ],
    "val_losses": [
      0.06869073613101699,
      0.06670186816449146,
      0.06476692578878747,
      0.06104363102510751,
      0.0631282013582896,
      0.06471123092145804,
      0.06009226812416291,
      0.06205347130097539,
      0.06448806940791119,
      0.05595739548464856
    ]
  }
}